summary_path,reference_path,METEOR,BLEU,ROUGE-1,ROUGE-2,ROUGE-L,BERTScore,Summary Coverage,Cosine Similarity,Average_Score
voiceapp\output\summaries_folder\llama3.2_3b_20241213_084209\CJG_01_2023_01_14-summary_4.txt,C:/Users/G/Documents/GitHub/audycje.com.pl/content/audio\CJG_01_2023_01_14.txt,0.06861190157715184,0.0008065379767823148,0.18040089086859687,0.03789004457652303,0.08611729769858946,0.7739578485488892,0.11006711409395974,0.6528834169239454,0.25723827688149686
voiceapp\output\summaries_folder\llama3.2_3b_20241213_084209\CJG_02_2023_01_21-summary_1.txt,C:/Users/G/Documents/GitHub/audycje.com.pl/content/audio\CJG_02_2023_01_21.txt,0.07521109855145636,0.0005460422803512805,0.19132767098793024,0.03400447427293065,0.09387572641931158,0.7795053124427795,0.10153846153846154,0.5888512938404992,0.2519030883993227
voiceapp\output\summaries_folder\llama3.2_3b_20241213_084209\CJG_03_2023_01_28-summary_3.txt,C:/Users/G/Documents/GitHub/audycje.com.pl/content/audio\CJG_03_2023_01_28.txt,0.05809549217674181,0.00037699289332559827,0.1534559289790742,0.03426395939086294,0.07736207989854152,0.7852445244789124,0.12557427258805512,0.6350012653311813,0.24911432044980567
voiceapp\output\summaries_folder\llama3.2_3b_20241213_084209\CJG_04_2023_02_04-summary_1.txt,C:/Users/G/Documents/GitHub/audycje.com.pl/content/audio\CJG_04_2023_02_04.txt,0.0601985342678395,0.00026648648132373144,0.1633259094283593,0.02823179791976226,0.08092056421677803,0.7907673120498657,0.10893854748603352,0.6166911434873239,0.2486288211216075
voiceapp\output\summaries_folder\glm4_9b_20241213_192515\CJG_05_2023_02_11-summary_4.txt,C:/Users/G/Documents/GitHub/audycje.com.pl/content/audio\CJG_05_2023_02_11.txt,0.048575543164526884,1.1401678841958953e-05,0.13898201767753735,0.03354681305275999,0.06644315757391038,0.7887170910835266,0.10187353629976581,0.6149465351597656,0.2416032227701241
voiceapp\output\summaries_folder\mistral-small_20241213_125952\CJG_06_2023_02_18-summary_2.txt,C:/Users/G/Documents/GitHub/audycje.com.pl/content/audio\CJG_06_2023_02_18.txt,0.06844097633504449,0.0008607512873847892,0.18259874069834,0.04410080183276059,0.08242701774470519,0.7756227850914001,0.11854460093896714,0.4942924261955386,0.2354776427407391
voiceapp\output\summaries_folder\llama3.2_3b_20241213_084209\CJG_07_2023_02_25-summary_5.txt,C:/Users/G/Documents/GitHub/audycje.com.pl/content/audio\CJG_07_2023_02_25.txt,0.039522692761373414,7.325546874301613e-06,0.10866983372921614,0.024955436720142603,0.060570071258907364,0.7822168469429016,0.06264501160092807,0.5600914273910775,0.22514766205007045
voiceapp\output\summaries_folder\llama3.2_3b_20241213_084209\CJG_08_2023_03_04-summary_3.txt,C:/Users/G/Documents/GitHub/audycje.com.pl/content/audio\CJG_08_2023_03_04.txt,0.05382970197636355,3.467691976314404e-05,0.14316174230886383,0.04327948796098751,0.07188547060615291,0.7959939241409302,0.08751458576429405,0.6372009471991923,0.24934085015889337
voiceapp\output\summaries_folder\mistral-small_20241213_125952\CJG_09_2023_03_11-summary_5.txt,C:/Users/G/Documents/GitHub/audycje.com.pl/content/audio\CJG_09_2023_03_11.txt,0.05912176833390056,0.0004315687220317389,0.1589364844903988,0.026012415016257756,0.08153618906942395,0.7761253714561462,0.10159817351598173,0.6034452684032967,0.2436584379273508
voiceapp\output\summaries_folder\llama3.2_3b_20241213_084209\CJG_10_2023_03_18-summary_3.txt,C:/Users/G/Documents/GitHub/audycje.com.pl/content/audio\CJG_10_2023_03_18.txt,0.045435061550182454,2.8093975983521963e-05,0.11952422396286623,0.022060957910014518,0.06498404409631564,0.7763373255729675,0.07342657342657342,0.4808753144619491,0.21560643164718268
voiceapp\output\summaries_folder\llama3.2_3b_20241213_084209\CJG_11_2023_03_25-summary_3.txt,C:/Users/G/Documents/GitHub/audycje.com.pl/content/audio\CJG_11_2023_03_25.txt,0.04789208603091018,1.0539733574589488e-05,0.13715510313420842,0.0251943178772447,0.0680417894454862,0.7869563102722168,0.09438470728793309,0.5382713308951836,0.2290744967698321
voiceapp\output\summaries_folder\glm4_9b_20241213_192515\CJG_12_2023_04_01-summary_3.txt,C:/Users/G/Documents/GitHub/audycje.com.pl/content/audio\CJG_12_2023_04_01.txt,0.03732101690666604,6.750775830374068e-06,0.10523369717324377,0.02016241949033884,0.059333893087041706,0.7840370535850525,0.08459869848156182,0.6121935483016947,0.23118405418855256
voiceapp\output\summaries_folder\glm4_9b_20241213_192515\CJG_13_2023_04_08-summary_5.txt,C:/Users/G/Documents/GitHub/audycje.com.pl/content/audio\CJG_13_2023_04_08.txt,0.028636963495442428,1.5138885738580436e-07,0.08036529680365295,0.011574779165397503,0.046879756468797565,0.7863782048225403,0.06594594594594595,0.5029505988721407,0.20811225014526125
voiceapp\output\summaries_folder\glm4_9b_20241213_192515\CJG_14_2023_04_15-summary_2.txt,C:/Users/G/Documents/GitHub/audycje.com.pl/content/audio\CJG_14_2023_04_15.txt,0.0333897724753167,8.580973435993406e-07,0.09344115004492363,0.0185795624812706,0.05870020964360587,0.7780521512031555,0.07534246575342465,0.5930140877415259,0.22502539881244882
voiceapp\output\summaries_folder\mistral-small_20241213_125952\CJG_15_2023_04_22-summary_2.txt,C:/Users/G/Documents/GitHub/audycje.com.pl/content/audio\CJG_15_2023_04_22.txt,0.019839289279297265,1.2630720721641478e-07,0.05898462186644196,0.00969441517386723,0.03075626711607331,0.7702798843383789,0.0898876404494382,0.6939711751842794,0.22621796846650646
voiceapp\output\summaries_folder\mistral-small_20241213_125952\CJG_16_2023_04_29-summary_3.txt,C:/Users/G/Documents/GitHub/audycje.com.pl/content/audio\CJG_16_2023_04_29.txt,0.05976739994640376,7.49949787477006e-05,0.16492450638792103,0.03137710633352702,0.08130081300813008,0.7853477001190186,0.11520190023752969,0.5910262538634715,0.2448312535196028
voiceapp\output\summaries_folder\mistral-small_20241213_125952\CJG_17_2023_05_06-summary_5.txt,C:/Users/G/Documents/GitHub/audycje.com.pl/content/audio\CJG_17_2023_05_06.txt,0.08200880784151203,0.0013866382553612375,0.2032746370095768,0.03894899536321483,0.09576768612913192,0.7801938056945801,0.13266583229036297,0.6444015134119769,0.263711726243622
voiceapp\output\summaries_folder\mistral-small_20241213_125952\CJG_18_2023_05_13-summary_1.txt,C:/Users/G/Documents/GitHub/audycje.com.pl/content/audio\CJG_18_2023_05_13.txt,0.05369210733545185,6.864195438101083e-05,0.14876543209876544,0.02841260037059913,0.0691358024691358,0.7960668206214905,0.10357142857142858,0.5588158018684897,0.2364224581026162
voiceapp\output\summaries_folder\llama3.2_3b_20241213_084209\CJG_19_2023_05_20-summary_5.txt,C:/Users/G/Documents/GitHub/audycje.com.pl/content/audio\CJG_19_2023_05_20.txt,0.06715840102678161,0.00025135949530979295,0.1838074398249453,0.043165467625899276,0.0894029384182557,0.7872280478477478,0.09832134292565947,0.6194266635167865,0.255777188250818
voiceapp\output\summaries_folder\mistral-small_20241213_125952\CJG_20_2023_05_27-summary_1.txt,C:/Users/G/Documents/GitHub/audycje.com.pl/content/audio\CJG_20_2023_05_27.txt,0.05214962662564971,6.563491396437684e-05,0.14082998661311916,0.02464505759442807,0.07014725568942437,0.786453127861023,0.10078387458006718,0.6179640985989037,0.24175068398521607
voiceapp\output\summaries_folder\mistral-small_20241213_125952\CJG_21_2023_06_03-summary_5.txt,C:/Users/G/Documents/GitHub/audycje.com.pl/content/audio\CJG_21_2023_06_03.txt,0.0621220089375432,0.0002165722411253065,0.16300129366106078,0.032617136940201914,0.07347994825355757,0.7747065424919128,0.10251450676982592,0.6286537432608009,0.2478281779694575
voiceapp\output\summaries_folder\mistral-small_20241213_125952\CJG_22_2023_06_10-summary_4.txt,C:/Users/G/Documents/GitHub/audycje.com.pl/content/audio\CJG_22_2023_06_10.txt,0.08097971239991326,0.0011771176577397994,0.19940476190476195,0.03692674210839785,0.09285714285714286,0.7792569994926453,0.10691144708423327,0.6898988847882169,0.2686430516012597
voiceapp\output\summaries_folder\mistral-small_20241213_125952\CJG_23_2023_06_17-summary_1.txt,C:/Users/G/Documents/GitHub/audycje.com.pl/content/audio\CJG_23_2023_06_17.txt,0.07161374125328879,0.0004371291714822871,0.18965517241379312,0.03866745984533016,0.08204518430439951,0.7892606258392334,0.1320754716981132,0.6388528210264418,0.2586474476934241
voiceapp\output\summaries_folder\llama3.2_3b_20241213_084209\CJG_24_2023_06_24-summary_3.txt,C:/Users/G/Documents/GitHub/audycje.com.pl/content/audio\CJG_24_2023_06_24.txt,0.06234280047955619,0.00017215674676563007,0.17,0.035025017869907075,0.07785714285714286,0.7938323616981506,0.0998766954377312,0.6223367825065929,0.251652323165445
voiceapp\output\summaries_folder\llama3.2_3b_20241213_084209\CJG_25_2023_07_01-summary_4.txt,C:/Users/G/Documents/GitHub/audycje.com.pl/content/audio\CJG_25_2023_07_01.txt,0.045334286173916445,2.8304497723314842e-05,0.1226776762017104,0.025376217173207434,0.0595694485402536,0.7841190695762634,0.10411899313501144,0.5976774875904975,0.23354035567908174
voiceapp\output\summaries_folder\llama3.2_3b_20241213_084209\CJG_26_2023_07_08-summary_1.txt,C:/Users/G/Documents/GitHub/audycje.com.pl/content/audio\CJG_26_2023_07_08.txt,0.04902789126212302,2.5561803562323562e-05,0.12682379349046016,0.018528916339135316,0.07014590347923683,0.7829676866531372,0.07765957446808511,0.6099102057387592,0.23677570839520198
voiceapp\output\summaries_folder\mistral-small_20241213_125952\CJG_27_2023_07_15-summary_3.txt,C:/Users/G/Documents/GitHub/audycje.com.pl/content/audio\CJG_27_2023_07_15.txt,0.04396639572838778,1.3574412026839279e-05,0.12094653812445223,0.021631102016954108,0.0572597137014315,0.7893998622894287,0.0975609756097561,0.4605103405816754,0.21338964669347948
voiceapp\output\summaries_folder\mistral-small_20241213_125952\CJG_28_2023_07_22-summary_5.txt,C:/Users/G/Documents/GitHub/audycje.com.pl/content/audio\CJG_28_2023_07_22.txt,0.06086361418883062,6.454101286877063e-05,0.16421725239616614,0.0319693094629156,0.07156549520766772,0.7792435884475708,0.13121019108280255,0.6024199250125486,0.24433481796122405
voiceapp\output\summaries_folder\mistral-small_20241213_125952\CJG_29_2023_07_29-summary_3.txt,C:/Users/G/Documents/GitHub/audycje.com.pl/content/audio\CJG_29_2023_07_29.txt,0.04553137813621221,1.2557328649262896e-05,0.12266052404261445,0.02592912705272256,0.06622516556291391,0.7839377522468567,0.09141583054626533,0.6063406753472798,0.2358053113881784
voiceapp\output\summaries_folder\llama3.2_3b_20241213_084209\CJG_30_2023_08_05-summary_3.txt,C:/Users/G/Documents/GitHub/audycje.com.pl/content/audio\CJG_30_2023_08_05.txt,0.035448630516982306,7.691368476016384e-07,0.09560342283859545,0.013581340419250075,0.05193272351726173,0.7835437655448914,0.06856540084388185,0.6006562670635867,0.2258238455767736
voiceapp\output\summaries_folder\llama3.2_3b_20241213_084209\CJG_31_2023_09_09-summary_3.txt,C:/Users/G/Documents/GitHub/audycje.com.pl/content/audio\CJG_31_2023_09_09.txt,0.05885554814137652,0.0002251786326162997,0.16493802175562866,0.04555808656036447,0.07740956235770301,0.7919654250144958,0.09937888198757763,0.6255693151618461,0.2520744482320044
voiceapp\output\summaries_folder\llama3.2_3b_20241213_084209\CJG_32_2023_09_16-summary_1.txt,C:/Users/G/Documents/GitHub/audycje.com.pl/content/audio\CJG_32_2023_09_16.txt,0.050598407414520055,8.592706898035586e-05,0.1433901918976546,0.033600000000000005,0.07196162046908315,0.7801153659820557,0.0940649496080627,0.6403100016793198,0.2457230735016591
voiceapp\output\summaries_folder\llama3.2_3b_20241213_084209\CJG_33_2023_09_23-summary_3.txt,C:/Users/G/Documents/GitHub/audycje.com.pl/content/audio\CJG_33_2023_09_23.txt,0.04716725511563473,1.6655313241280027e-05,0.12673707615341856,0.026696329254727477,0.06670372429127293,0.78287672996521,0.0866738894907909,0.5990722685047332,0.23561000551403402
voiceapp\output\summaries_folder\mistral-small_20241213_125952\CJG_34_2023_09_30-summary_3.txt,C:/Users/G/Documents/GitHub/audycje.com.pl/content/audio\CJG_34_2023_09_30.txt,0.053925837635905124,3.314311242431831e-05,0.15113484646194927,0.03419716804702111,0.06889185580774367,0.7980445027351379,0.10458911419423693,0.7205941662325159,0.2609745028618139
voiceapp\output\summaries_folder\mistral-small_20241213_125952\CJG_35_2023_10_07-summary_3.txt,C:/Users/G/Documents/GitHub/audycje.com.pl/content/audio\CJG_35_2023_10_07.txt,0.05740021097685925,0.00014619304655515895,0.16110019646365423,0.03636363636363636,0.0731827111984283,0.787431538105011,0.11992263056092843,0.6575777413014812,0.2533146039222322
voiceapp\output\summaries_folder\glm4_9b_20241213_192515\CJG_36_2023_10_14-summary_1.txt,C:/Users/G/Documents/GitHub/audycje.com.pl/content/audio\CJG_36_2023_10_14.txt,0.024340645537495605,1.9536868231115715e-07,0.07185332011892963,0.014377788795240456,0.03766105054509415,0.7750030159950256,0.11455847255369929,0.7351112842228209,0.2369067572261841
voiceapp\output\summaries_folder\llama3.2_3b_20241213_084209\CJG_37_2023_10_21-summary_4.txt,C:/Users/G/Documents/GitHub/audycje.com.pl/content/audio\CJG_37_2023_10_21.txt,0.05544505519472336,0.00011659250685878961,0.1511764705882353,0.03472630959387875,0.0776470588235294,0.7897427678108215,0.09548254620123203,0.6519618856689114,0.25154516288385126
voiceapp\output\summaries_folder\mistral-small_20241213_125952\CJG_38_2023_10_28-summary_2.txt,C:/Users/G/Documents/GitHub/audycje.com.pl/content/audio\CJG_38_2023_10_28.txt,0.03699131096475837,1.662342532761207e-05,0.08762254901960785,0.012262415695892091,0.03553921568627451,0.774823784828186,0.09135802469135802,0.36096586366190153,0.18688882332599258
voiceapp\output\summaries_folder\llama3.2_3b_20241213_084209\CJG_39_2023_11_04-summary_2.txt,C:/Users/G/Documents/GitHub/audycje.com.pl/content/audio\CJG_39_2023_11_04.txt,0.04127249226588187,4.9288781129689775e-06,0.1252392671588734,0.023529411764705882,0.060705496308449555,0.7933611273765564,0.10103092783505155,0.5788606140910166,0.23185333397765667
voiceapp\output\summaries_folder\mistral-small_20241213_125952\CJG_40_2023_11_11-summary_2.txt,C:/Users/G/Documents/GitHub/audycje.com.pl/content/audio\CJG_40_2023_11_11.txt,0.04874983760594491,1.973665367645823e-05,0.1318783375899698,0.01904761904761905,0.05990248432783841,0.7855734825134277,0.09700176366843033,0.5654501098947423,0.2300888010904598
voiceapp\output\summaries_folder\llama3.2_3b_20241213_084209\CJG_41_2023_11_18-summary_5.txt,C:/Users/G/Documents/GitHub/audycje.com.pl/content/audio\CJG_41_2023_11_18.txt,0.046844862013407554,2.413008749901515e-05,0.12947799385875128,0.021505376344086023,0.06345957011258956,0.7774403691291809,0.09108527131782945,0.5641128018939828,0.22898072906278535
voiceapp\output\summaries_folder\llama3.2_3b_20241213_084209\CJG_42_2023_11_25-summary_2.txt,C:/Users/G/Documents/GitHub/audycje.com.pl/content/audio\CJG_42_2023_11_25.txt,0.040265863763034385,4.758214957922107e-06,0.1136657194523379,0.023261824760920133,0.06096615861534488,0.7852690815925598,0.08071278825995808,0.6169075942941984,0.23433442867047907
voiceapp\output\summaries_folder\mistral-small_20241213_125952\CJG_43_2023_12_02-summary_3.txt,C:/Users/G/Documents/GitHub/audycje.com.pl/content/audio\CJG_43_2023_12_02.txt,0.03942939333818644,1.0726236792903655e-05,0.10810810810810811,0.014903129657228018,0.05575654394552033,0.7673370838165283,0.09260991580916744,0.5356412240332497,0.21731231559080197
voiceapp\output\summaries_folder\mistral-small_20241213_125952\CJG_44_2023_12_09-summary_3.txt,C:/Users/G/Documents/GitHub/audycje.com.pl/content/audio\CJG_44_2023_12_09.txt,0.047416732082583825,3.52445133614509e-05,0.13091594066399811,0.031566548881036514,0.06922533553096304,0.7877680063247681,0.08682328907048008,0.605713112503243,0.23894870292856485
voiceapp\output\summaries_folder\llama3.2_3b_20241213_084209\CJG_45_2023_12_16-summary_3.txt,C:/Users/G/Documents/GitHub/audycje.com.pl/content/audio\CJG_45_2023_12_16.txt,0.04089767140861159,7.285368941510838e-06,0.11687926431326014,0.0213713268032057,0.06051616730940374,0.7816078066825867,0.07157894736842105,0.5249816703807472,0.2208944560381081
voiceapp\output\summaries_folder\mistral-small_20241213_125952\CJG_46_2023_12_23-summary_5.txt,C:/Users/G/Documents/GitHub/audycje.com.pl/content/audio\CJG_46_2023_12_23.txt,0.05778497181866179,4.099458046231651e-05,0.15576973170096378,0.01928590044305447,0.07033081531648867,0.7764163017272949,0.09432146294513956,0.6419315938121988,0.2459371870570178
voiceapp\output\summaries_folder\mistral-small_20241213_125952\CJG_47_2023_12_30-summary_3.txt,C:/Users/G/Documents/GitHub/audycje.com.pl/content/audio\CJG_47_2023_12_30.txt,0.06344855230295512,0.0002159257595057418,0.16736816043575142,0.03715630418627693,0.07625649913344887,0.7875974774360657,0.11067193675889328,0.658721570036189,0.25582349847002755
voiceapp\output\summaries_folder\mistral-small_20241213_125952\CJG_48_2024_01_06-summary_5.txt,C:/Users/G/Documents/GitHub/audycje.com.pl/content/audio\CJG_48_2024_01_06.txt,0.040778993684690616,3.761441937723944e-05,0.10610211706102117,0.017443309244953898,0.05130759651307597,0.7822216153144836,0.08421052631578947,0.5847257033575342,0.2260881356564481
voiceapp\output\summaries_folder\mistral-small_20241213_125952\CJG_49_2024_01_13-summary_3.txt,C:/Users/G/Documents/GitHub/audycje.com.pl/content/audio\CJG_49_2024_01_13.txt,0.04902729839974898,8.399550768831523e-05,0.12745098039215685,0.013488657265481301,0.050857843137254895,0.7804165482521057,0.12334801762114538,0.481549374039907,0.21469638528490617
voiceapp\output\summaries_folder\llama3.2_3b_20241213_084209\CJG_50_2024_01_20-summary_4.txt,C:/Users/G/Documents/GitHub/audycje.com.pl/content/audio\CJG_50_2024_01_20.txt,0.04973693702853765,2.350562416455802e-05,0.1375400542272615,0.021208384710234278,0.06753758935173775,0.7886170744895935,0.08562992125984252,0.5491762585706669,0.23054854342888514
voiceapp\output\summaries_folder\llama3.2_3b_20241213_084209\CJG_51_2024_01_27-summary_5.txt,C:/Users/G/Documents/GitHub/audycje.com.pl/content/audio\CJG_51_2024_01_27.txt,0.04510389182695939,3.5403579396173224e-05,0.13352476669059585,0.029686377783097916,0.0741804259392199,0.7848090529441833,0.06932573599240266,0.6627910882690441,0.24716157243321377
voiceapp\output\summaries_folder\mistral-small_20241213_125952\CJG - AI 1-summary_2.txt,C:/Users/G/Documents/GitHub/audycje.com.pl/content/audio\shorts\CJG - AI 1.txt,0.15753526634012785,0.012616094633519138,0.33583617747440275,0.054682159945317846,0.12696245733788394,0.7948357462882996,0.20623501199040767,0.4950948559714821,0.2825089654272905
voiceapp\output\summaries_folder\llama3.2_3b_20241213_084209\CJG - C40 1-summary_4.txt,C:/Users/G/Documents/GitHub/audycje.com.pl/content/audio\shorts\CJG - C40 1.txt,0.10625055644502338,0.0024446880100430623,0.24800580130529368,0.03631082062454611,0.1116751269035533,0.7830539345741272,0.12134831460674157,0.5769608700746544,0.26638597113389156
voiceapp\output\summaries_folder\llama3.2_3b_20241213_084209\CJG - ambergold 1-summary_3.txt,C:/Users/G/Documents/GitHub/audycje.com.pl/content/audio\shorts\CJG - ambergold 1.txt,0.09749493699551713,0.004253468279695886,0.2342586323628978,0.04203389830508474,0.11238997968855788,0.7977129817008972,0.12233009708737864,0.6765081124719874,0.280664572829234
voiceapp\output\summaries_folder\llama3.2_3b_20241213_084209\CJG - anheuser-busch 1-summary_3.txt,C:/Users/G/Documents/GitHub/audycje.com.pl/content/audio\shorts\CJG - anheuser-busch 1.txt,0.15280078409121947,0.008220794780351811,0.3254545454545455,0.06375227686703097,0.13818181818181818,0.8062562346458435,0.17857142857142858,0.584726765245043,0.297056174180836
voiceapp\output\summaries_folder\llama3.2_3b_20241213_084209\CJG - dawne zapowiedzi 1-summary_4.txt,C:/Users/G/Documents/GitHub/audycje.com.pl/content/audio\shorts\CJG - dawne zapowiedzi 1.txt,0.10213611440232923,0.002402660220221535,0.22206405693950182,0.025659301496792585,0.11387900355871887,0.7873334884643555,0.12471131639722864,0.5469058382362489,0.2571972090454526
voiceapp\output\summaries_folder\llama3.2_3b_20241213_084209\CJG - emigracja 1-summary_2.txt,C:/Users/G/Documents/GitHub/audycje.com.pl/content/audio\shorts\CJG - emigracja 1.txt,0.11852736140283766,0.004125839264244382,0.2621912602913236,0.038046924540266334,0.10892970234325522,0.7918155193328857,0.16741071428571427,0.5495272510971132,0.26759483689598945
voiceapp\output\summaries_folder\llama3.2_3b_20241213_084209\CJG - evergrande 1-summary_1.txt,C:/Users/G/Documents/GitHub/audycje.com.pl/content/audio\shorts\CJG - evergrande 1.txt,0.10484121461252435,0.0031112143670982283,0.23190442726633873,0.036593947923997186,0.123682361208714,0.7745345830917358,0.1206896551724138,0.5179863782140318,0.2560934466692057
voiceapp\output\summaries_folder\llama3.2_3b_20241213_084209\CJG - firmy w polsce cz1-summary_4.txt,C:/Users/G/Documents/GitHub/audycje.com.pl/content/audio\shorts\CJG - firmy w polsce cz1.txt,0.16181726652079848,0.03615028273232925,0.34646962233169126,0.09375,0.13793103448275862,0.8095730543136597,0.2465753424657534,0.5895223862810256,0.31074480666603754
voiceapp\output\summaries_folder\mistral-small_20241213_125952\CJG - fotowoltaika 1-summary_5.txt,C:/Users/G/Documents/GitHub/audycje.com.pl/content/audio\shorts\CJG - fotowoltaika 1.txt,0.21475374068881947,0.03950345514881105,0.39219015280135827,0.07482993197278913,0.15789473684210525,0.8036147356033325,0.23030303030303031,0.6315627756909297,0.330621361249735
voiceapp\output\summaries_folder\llama3.2_3b_20241213_084209\CJG - hamas 1-summary_3.txt,C:/Users/G/Documents/GitHub/audycje.com.pl/content/audio\shorts\CJG - hamas 1.txt,0.14367242436875066,0.009213999905178046,0.33037037037037037,0.05489614243323442,0.14814814814814814,0.8084120750427246,0.16589861751152074,0.6257696365326725,0.3029261138287255
voiceapp\output\summaries_folder\mistral-small_20241213_125952\CJG - inflacja i nbp 1-summary_4.txt,C:/Users/G/Documents/GitHub/audycje.com.pl/content/audio\shorts\CJG - inflacja i nbp 1.txt,0.16595078334885766,0.0053216032115937124,0.3435060326472676,0.046908315565031986,0.1291696238466998,0.7991500496864319,0.22427440633245382,0.4996756568414644,0.2842402950210496
voiceapp\output\summaries_folder\mistral-small_20241213_125952\CJG - influencerzy 1-summary_3.txt,C:/Users/G/Documents/GitHub/audycje.com.pl/content/audio\shorts\CJG - influencerzy 1.txt,0.1299055355506889,0.0023108911198698816,0.29048582995951416,0.030395136778115506,0.11234817813765183,0.7849876880645752,0.14535901926444833,0.5944464422484917,0.27783995740841533
voiceapp\output\summaries_folder\llama3.2_3b_20241213_084209\CJG - japonia 1-summary_1.txt,C:/Users/G/Documents/GitHub/audycje.com.pl/content/audio\shorts\CJG - japonia 1.txt,0.15808215050506938,0.015978350161318104,0.34854771784232375,0.0831255195344971,0.13443983402489626,0.7957867383956909,0.20689655172413793,0.5705261834257979,0.3009266419842276
voiceapp\output\summaries_folder\mistral-small_20241213_125952\CJG - jastrzab 1-summary_5.txt,C:/Users/G/Documents/GitHub/audycje.com.pl/content/audio\shorts\CJG - jastrzab 1.txt,0.20608167232833183,0.030126507476999288,0.42019543973941365,0.11582381729200653,0.18078175895765475,0.8053290843963623,0.22702702702702704,0.6663916754858727,0.3463899936680916
voiceapp\output\summaries_folder\llama3.2_3b_20241213_084209\CJG - jubileusz 1-summary_2.txt,C:/Users/G/Documents/GitHub/audycje.com.pl/content/audio\shorts\CJG - jubileusz 1.txt,0.14765148322530727,0.021938785071851114,0.28839221341023796,0.07075812274368232,0.12833453496755587,0.7968109250068665,0.18969555035128804,0.46064714262026746,0.27350474386368123
voiceapp\output\summaries_folder\mistral-small_20241213_125952\CJG - kataster 1-summary_5.txt,C:/Users/G/Documents/GitHub/audycje.com.pl/content/audio\shorts\CJG - kataster 1.txt,0.13736488272867808,0.020777477230592326,0.3040847201210288,0.05454545454545454,0.13010590015128592,0.790354311466217,0.21525885558583105,0.5243284595472641,0.2802230293986458
voiceapp\output\summaries_folder\llama3.2_3b_20241213_084209\CJG - kierowcy 1-summary_4.txt,C:/Users/G/Documents/GitHub/audycje.com.pl/content/audio\shorts\CJG - kierowcy 1.txt,0.09983541159825736,0.0045188537157706,0.24108658743633274,0.04759206798866855,0.10752688172043011,0.7800133228302002,0.14777327935222673,0.5828123612397682,0.2661979266470611
voiceapp\output\summaries_folder\mistral-small_20241213_125952\CJG - koniec roku 1-summary_4.txt,C:/Users/G/Documents/GitHub/audycje.com.pl/content/audio\shorts\CJG - koniec roku 1.txt,0.1278599431784567,0.013478686753515438,0.2982456140350877,0.06524466750313677,0.12531328320802004,0.7835733294487,0.15079365079365079,0.599694098822617,0.28762994613564763
voiceapp\output\summaries_folder\llama3.2_3b_20241213_084209\CJG - kurczaki 1-summary_2.txt,C:/Users/G/Documents/GitHub/audycje.com.pl/content/audio\shorts\CJG - kurczaki 1.txt,0.12989736858075723,0.013636443476464366,0.29701492537313434,0.044843049327354265,0.1328358208955224,0.7955417633056641,0.1642512077294686,0.5577665190044697,0.28164798428048093
voiceapp\output\summaries_folder\mistral-small_20241213_125952\CJG - mieszkania cz1-summary_1.txt,C:/Users/G/Documents/GitHub/audycje.com.pl/content/audio\shorts\CJG - mieszkania cz1.txt,0.2037889089672617,0.059786339120755,0.4192277383766746,0.13101815311760062,0.15445232466509062,0.8107328414916992,0.31871345029239767,0.596744148257089,0.3393929219994529
voiceapp\output\summaries_folder\llama3.2_3b_20241213_084209\CJG - miliarderzy 1-summary_1.txt,C:/Users/G/Documents/GitHub/audycje.com.pl/content/audio\shorts\CJG - miliarderzy 1.txt,0.07726825386795295,0.00026222573178499435,0.19954988747186797,0.019534184823441023,0.0930232558139535,0.7832309007644653,0.0975609756097561,0.5140333184149064,0.24098600384119603
voiceapp\output\summaries_folder\llama3.2_3b_20241213_084209\CJG - monopol energetyczny 1-summary_2.txt,C:/Users/G/Documents/GitHub/audycje.com.pl/content/audio\shorts\CJG - monopol energetyczny 1.txt,0.13432091373552896,0.0030271902557833185,0.3110419906687402,0.04205607476635514,0.13530326594090203,0.7997461557388306,0.165,0.615897828861609,0.2916276314239642
voiceapp\output\summaries_folder\llama3.2_3b_20241213_084209\CJG - niemcy 1-summary_5.txt,C:/Users/G/Documents/GitHub/audycje.com.pl/content/audio\shorts\CJG - niemcy 1.txt,0.1788923394420147,0.03879222549164625,0.37388193202146697,0.11469534050179211,0.18783542039355994,0.8158470392227173,0.21388888888888888,0.6877177383503287,0.34252314791764654
voiceapp\output\summaries_folder\glm4_9b_20241213_192515\CJG - orlen 1-summary_4.txt,C:/Users/G/Documents/GitHub/audycje.com.pl/content/audio\shorts\CJG - orlen 1.txt,0.1614421796725761,0.01293661327823975,0.3460514640638864,0.08177777777777777,0.14551907719609583,0.8144209384918213,0.20789473684210527,0.6267021326124319,0.31269288329897554
voiceapp\output\summaries_folder\mistral-small_20241213_125952\CJG - paliwo wyborcze 1-summary_2.txt,C:/Users/G/Documents/GitHub/audycje.com.pl/content/audio\shorts\CJG - paliwo wyborcze 1.txt,0.11770779556014455,0.0031839535689599852,0.24296675191815856,0.029449423815621004,0.11508951406649615,0.7765683531761169,0.13580246913580246,0.5460782089772805,0.26157771444039685
voiceapp\output\summaries_folder\llama3.2_3b_20241213_084209\CJG - pompy ciepla 1-summary_1.txt,C:/Users/G/Documents/GitHub/audycje.com.pl/content/audio\shorts\CJG - pompy ciepla 1.txt,0.19961420876401226,0.032958378048084706,0.37861524978089395,0.07550482879719052,0.15950920245398773,0.8028938174247742,0.21301775147928995,0.6741825821183239,0.33189689534103817
voiceapp\output\summaries_folder\glm4_9b_20241213_192515\CJG - punkt zwrotny usa 1-summary_2.txt,C:/Users/G/Documents/GitHub/audycje.com.pl/content/audio\shorts\CJG - punkt zwrotny usa 1.txt,0.07253680792773433,0.0018419511154473126,0.1823949246629659,0.014297061159650515,0.09040444091990485,0.7825484871864319,0.09929078014184398,0.4914962351326152,0.23364570115782143
voiceapp\output\summaries_folder\llama3.2_3b_20241213_084209\CJG - robaki 1-summary_4.txt,C:/Users/G/Documents/GitHub/audycje.com.pl/content/audio\shorts\CJG - robaki 1.txt,0.14373756914276917,0.015346501532365003,0.3180760279286268,0.05594405594405595,0.1365399534522886,0.7949514985084534,0.16802168021680217,0.5500446591027506,0.28780575223018706
voiceapp\output\summaries_folder\mistral-small_20241213_125952\CJG - rok 2022 1-summary_1.txt,C:/Users/G/Documents/GitHub/audycje.com.pl/content/audio\shorts\CJG - rok 2022 1.txt,0.17664946094841597,0.02254373407165102,0.3361473522640061,0.05995388162951575,0.12893323100537224,0.7887318730354309,0.21823204419889503,0.6163730352456143,0.3041903668857152
voiceapp\output\summaries_folder\llama3.2_3b_20241213_084209\CJG - rosja 1-summary_2.txt,C:/Users/G/Documents/GitHub/audycje.com.pl/content/audio\shorts\CJG - rosja 1.txt,0.09844521723832682,0.004243223853191869,0.23780895123580492,0.04548494983277592,0.10821643286573146,0.7923353314399719,0.12757201646090535,0.578780525132,0.2664735187996861
voiceapp\output\summaries_folder\mistral-small_20241213_125952\CJG - samochody elektryczne mk2 1-summary_3.txt,C:/Users/G/Documents/GitHub/audycje.com.pl/content/audio\shorts\CJG - samochody elektryczne mk2 1.txt,0.20569062935965365,0.036219585204495336,0.3874195854181558,0.1059413027916965,0.17441029306647607,0.8052520155906677,0.2193877551020408,0.6654446874206755,0.3400540141216886
voiceapp\output\summaries_folder\llama3.2_3b_20241213_084209\CJG - si 1-summary_1.txt,C:/Users/G/Documents/GitHub/audycje.com.pl/content/audio\shorts\CJG - si 1.txt,0.14431565190211287,0.010162717107448207,0.2905604719764011,0.06499261447562778,0.14454277286135694,0.7900312542915344,0.17090069284064666,0.5607093659402801,0.28647354979353734
voiceapp\output\summaries_folder\llama3.2_3b_20241213_084209\CJG - wagner 1-summary_3.txt,C:/Users/G/Documents/GitHub/audycje.com.pl/content/audio\shorts\CJG - wagner 1.txt,0.13838857105193714,0.015256185573603356,0.3165266106442577,0.05329593267882188,0.14285714285714285,0.7913135290145874,0.16972477064220184,0.6637146928733048,0.30305038067052215
voiceapp\output\summaries_folder\mistral-small_20241213_125952\CJG - wojna 1-summary_2.txt,C:/Users/G/Documents/GitHub/audycje.com.pl/content/audio\shorts\CJG - wojna 1.txt,0.1619629201659686,0.025018041545366125,0.3525377229080932,0.07692307692307693,0.14814814814814814,0.8098006248474121,0.2025862068965517,0.7006724231793597,0.32500899395963206
voiceapp\output\summaries_folder\llama3.2_3b_20241213_084209\CJG - woke cz1-summary_2.txt,C:/Users/G/Documents/GitHub/audycje.com.pl/content/audio\shorts\CJG - woke cz1.txt,0.2367647190896287,0.06480575877714509,0.4278892072588348,0.13588516746411486,0.19866284622731617,0.8203132152557373,0.2905405405405405,0.6932641976135975,0.3682264445266249
voiceapp\output\summaries_folder\mistral-small_20241213_125952\CJG - wyrownana plus wierszyk-summary_1.txt,C:/Users/G/Documents/GitHub/audycje.com.pl/content/audio\shorts\CJG - wyrownana plus wierszyk.txt,0.18163807435108287,0.020828285664928378,0.3314840499306519,0.05555555555555555,0.12898751733703193,0.7963083386421204,0.26229508196721313,0.4770055524914811,0.28454391056755035
voiceapp\output\summaries_folder\llama3.2_3b_20241213_084209\CJG - zarobki 1-summary_3.txt,C:/Users/G/Documents/GitHub/audycje.com.pl/content/audio\shorts\CJG - zarobki 1.txt,0.10377762858375346,0.004824824943658214,0.242274412855377,0.053217821782178217,0.10754017305315203,0.7808152437210083,0.13320463320463322,0.671829453417835,0.28061136547956606
voiceapp\output\summaries_folder\llama3.2_3b_20241213_084209\CJG - zasoby strategiczne 1-summary_5.txt,C:/Users/G/Documents/GitHub/audycje.com.pl/content/audio\shorts\CJG - zasoby strategiczne 1.txt,0.12946621614853862,0.015768117969255514,0.28862745098039216,0.06755695208169679,0.14274509803921567,0.8042483925819397,0.18508997429305912,0.6313244676660018,0.2971052422095771
voiceapp\output\summaries_folder\llama3.2_3b_20241213_084209\CJG - zus 1-summary_2.txt,C:/Users/G/Documents/GitHub/audycje.com.pl/content/audio\shorts\CJG - zus 1.txt,0.0932157605634259,0.0037639453869750977,0.24442289039767215,0.0592233009708738,0.10960232783705141,0.7854518890380859,0.13559322033898305,0.5824922685474256,0.2683103403916443
